INSERT INTO auth.users (instance_id, id, aud, role, email, encrypted_password, email_confirmed_at, invited_at, confirmation_token, confirmation_sent_at, recovery_token, recovery_sent_at, email_change_token_new, email_change, email_change_sent_at, last_sign_in_at, raw_app_meta_data, raw_user_meta_data, is_super_admin, created_at, updated_at, phone, phone_confirmed_at, phone_change, phone_change_token, phone_change_sent_at, email_change_token_current, email_change_confirm_status, banned_until, reauthentication_token, reauthentication_sent_at, is_sso_user, deleted_at, is_anonymous) VALUES  ('00000000-0000-0000-0000-000000000000', '589db6c7-4bb5-415d-b68e-7c956b39ffbe', 'authenticated','authenticated', 'Camila.Carroll39@gmail.com', 'U3HNOezvsKG4d60', '2023-09-06T00:45:22.251', NULL, '', NULL, '', NULL, '', '', NULL, NULL, '{"provider": "email","providers": ["email"]}', '{"first_name": "nombre" , "last_name":"apellido"}', NULL, '2023-09-06T00:45:22.251', '2023-09-06T00:45:22.251', NULL, NULL, '', '', NULL, '2023-09-06T00:45:22.251', 0, NULL, '', NULL, false, NULL, false);
INSERT INTO auth.users (instance_id, id, aud, role, email, encrypted_password, email_confirmed_at, invited_at, confirmation_token, confirmation_sent_at, recovery_token, recovery_sent_at, email_change_token_new, email_change, email_change_sent_at, last_sign_in_at, raw_app_meta_data, raw_user_meta_data, is_super_admin, created_at, updated_at, phone, phone_confirmed_at, phone_change, phone_change_token, phone_change_sent_at, email_change_token_current, email_change_confirm_status, banned_until, reauthentication_token, reauthentication_sent_at, is_sso_user, deleted_at, is_anonymous) VALUES('00000000-0000-0000-0000-000000000000', '6c3225f8-f6c4-431e-9a27-47086beaedb6', 'authenticated','authenticated', 'Freeda94@gmail.com', 'QpU9ppwlaJ9onun', '2023-09-06T00:44:22.251', NULL, '', NULL, '', NULL, '', '', NULL, NULL, '{"provider": "email","providers": ["email"]}', '{"first_name": "nombre" , "last_name":"apellido"}', NULL, '2023-09-06T00:44:22.251', '2023-09-06T00:44:22.251', NULL, NULL, '', '', NULL, '2023-09-06T00:44:22.251', 0, NULL, '', NULL, false, NULL, false);
INSERT INTO auth.users (instance_id, id, aud, role, email, encrypted_password, email_confirmed_at, invited_at, confirmation_token, confirmation_sent_at, recovery_token, recovery_sent_at, email_change_token_new, email_change, email_change_sent_at, last_sign_in_at, raw_app_meta_data, raw_user_meta_data, is_super_admin, created_at, updated_at, phone, phone_confirmed_at, phone_change, phone_change_token, phone_change_sent_at, email_change_token_current, email_change_confirm_status, banned_until, reauthentication_token, reauthentication_sent_at, is_sso_user, deleted_at, is_anonymous) VALUES('00000000-0000-0000-0000-000000000000', '0225b8af-43c7-4869-8163-dc662901e57e', 'authenticated','authenticated', 'Collin_Jacobs50@yahoo.com', 'PYxLRQHKu35aAcR', '2023-09-06T00:46:22.251', NULL, '', NULL, '', NULL, '', '', NULL, NULL, '{"provider": "email","providers": ["email"]}', '{"first_name": "nombre" , "last_name":"apellido"}', NULL, '2023-09-06T00:46:22.251', '2023-09-06T00:46:22.251', NULL, NULL, '', '', NULL, '2023-09-06T00:46:22.251', 0, NULL, '', NULL, false, NULL, false);
INSERT INTO auth.users (instance_id, id, aud, role, email, encrypted_password, email_confirmed_at, invited_at, confirmation_token, confirmation_sent_at, recovery_token, recovery_sent_at, email_change_token_new, email_change, email_change_sent_at, last_sign_in_at, raw_app_meta_data, raw_user_meta_data, is_super_admin, created_at, updated_at, phone, phone_confirmed_at, phone_change, phone_change_token, phone_change_sent_at, email_change_token_current, email_change_confirm_status, banned_until, reauthentication_token, reauthentication_sent_at, is_sso_user, deleted_at, is_anonymous) VALUES('00000000-0000-0000-0000-000000000000', '4f0319d9-e9ad-40d6-8b29-8e4b8a304260', 'authenticated','authenticated', 'Kellie77@hotmail.com', 'T2yldURjPuXuO3P', '2023-09-06T00:47:22.251', NULL, '', NULL, '', NULL, '', '', NULL, NULL, '{"provider": "email","providers": ["email"]}', '{"first_name": "nombre" , "last_name":"apellido"}', NULL, '2023-09-06T00:47:22.251', '2023-09-06T00:47:22.251', NULL, NULL, '', '', NULL, '2023-09-06T00:47:22.251', 0, NULL, '', NULL, false, NULL, false);
INSERT INTO auth.users (instance_id, id, aud, role, email, encrypted_password, email_confirmed_at, invited_at, confirmation_token, confirmation_sent_at, recovery_token, recovery_sent_at, email_change_token_new, email_change, email_change_sent_at, last_sign_in_at, raw_app_meta_data, raw_user_meta_data, is_super_admin, created_at, updated_at, phone, phone_confirmed_at, phone_change, phone_change_token, phone_change_sent_at, email_change_token_current, email_change_confirm_status, banned_until, reauthentication_token, reauthentication_sent_at, is_sso_user, deleted_at, is_anonymous) VALUES('00000000-0000-0000-0000-000000000000', '388e337d-5620-4f8e-be06-1451587ec769', 'authenticated','authenticated','Jabari.Sawayn62@gmail.com', 'eSANJob7r1a1211', '2023-09-06T00:48:22.251', NULL, '', NULL, '', NULL, '', '', NULL, NULL, '{"provider": "email","providers": ["email"]}', '{"first_name": "nombre" , "last_name":"apellido"}', NULL, '2023-09-06T00:48:22.251', '2023-09-06T00:48:22.251', NULL, NULL, '', '', NULL, '2023-09-06T00:48:22.251', 0, NULL, '', NULL, false, NULL, false);
INSERT INTO auth.users (instance_id, id, aud, role, email, encrypted_password, email_confirmed_at, invited_at, confirmation_token, confirmation_sent_at, recovery_token, recovery_sent_at, email_change_token_new, email_change, email_change_sent_at, last_sign_in_at, raw_app_meta_data, raw_user_meta_data, is_super_admin, created_at, updated_at, phone, phone_confirmed_at, phone_change, phone_change_token, phone_change_sent_at, email_change_token_current, email_change_confirm_status, banned_until, reauthentication_token, reauthentication_sent_at, is_sso_user, deleted_at, is_anonymous) VALUES('00000000-0000-0000-0000-000000000000', '237181d4-3a15-4e43-add7-f5ff2555513a', 'authenticated','authenticated', 'Dallin_Huel19@gmail.com', 'fiKS1UcjhBu4lMz', '2023-09-06T00:49:22.251', NULL, '', NULL, '', NULL, '', '', NULL, NULL, '{"provider": "email","providers": ["email"]}', '{"first_name": "nombre" , "last_name":"apellido"}', NULL, '2023-09-06T00:49:22.251', '2023-09-06T00:49:22.251', NULL, NULL, '', '', NULL, '2023-09-06T00:49:22.251', 0, NULL, '', NULL, false, NULL, false);
INSERT INTO auth.users (instance_id, id, aud, role, email, encrypted_password, email_confirmed_at, invited_at, confirmation_token, confirmation_sent_at, recovery_token, recovery_sent_at, email_change_token_new, email_change, email_change_sent_at, last_sign_in_at, raw_app_meta_data, raw_user_meta_data, is_super_admin, created_at, updated_at, phone, phone_confirmed_at, phone_change, phone_change_token, phone_change_sent_at, email_change_token_current, email_change_confirm_status, banned_until, reauthentication_token, reauthentication_sent_at, is_sso_user, deleted_at, is_anonymous) VALUES('00000000-0000-0000-0000-000000000000', '7b501e0d-3d02-4308-b267-76a09ce8621e', 'authenticated','authenticated', 'Marco14@yahoo.com', 'zNSOWAW4G37amD8', '2023-09-06T00:50:22.251', NULL, '', NULL, '', NULL, '', '', NULL, NULL, '{"provider": "email","providers": ["email"]}', '{"first_name": "nombre" , "last_name":"apellido"}', NULL, '2023-09-06T00:50:22.251', '2023-09-06T00:50:22.251', NULL, NULL, '', '', NULL, '2023-09-06T00:50:22.251', 0, NULL, '', NULL, false, NULL, false);
INSERT INTO auth.users (instance_id, id, aud, role, email, encrypted_password, email_confirmed_at, invited_at, confirmation_token, confirmation_sent_at, recovery_token, recovery_sent_at, email_change_token_new, email_change, email_change_sent_at, last_sign_in_at, raw_app_meta_data, raw_user_meta_data, is_super_admin, created_at, updated_at, phone, phone_confirmed_at, phone_change, phone_change_token, phone_change_sent_at, email_change_token_current, email_change_confirm_status, banned_until, reauthentication_token, reauthentication_sent_at, is_sso_user, deleted_at, is_anonymous) VALUES('00000000-0000-0000-0000-000000000000', 'e0a9c7e3-0620-4764-9b06-ad71432d1717', 'authenticated','authenticated', 'Corene.Larson@hotmail.com', 'iPhkZqTbJ0PvYTf', '2023-09-06T00:51:22.251', NULL, '', NULL, '', NULL, '', '', NULL, NULL, '{"provider": "email","providers": ["email"]}', '{"first_name": "nombre" , "last_name":"apellido"}', NULL, '2023-09-06T00:51:22.251', '2023-09-06T00:51:22.251', NULL, NULL, '', '', NULL, '2023-09-06T00:51:22.251', 0, NULL, '', NULL, false, NULL, false);
INSERT INTO auth.users (instance_id, id, aud, role, email, encrypted_password, email_confirmed_at, invited_at, confirmation_token, confirmation_sent_at, recovery_token, recovery_sent_at, email_change_token_new, email_change, email_change_sent_at, last_sign_in_at, raw_app_meta_data, raw_user_meta_data, is_super_admin, created_at, updated_at, phone, phone_confirmed_at, phone_change, phone_change_token, phone_change_sent_at, email_change_token_current, email_change_confirm_status, banned_until, reauthentication_token, reauthentication_sent_at, is_sso_user, deleted_at, is_anonymous) VALUES('00000000-0000-0000-0000-000000000000', 'e35a5cb6-f86a-41cc-b79f-ca36de8911e0', 'authenticated','authenticated', 'Aurore.Walsh@yahoo.com', '8sz5u6XFF_t61u4', '2023-09-06T00:52:22.251', NULL, '', NULL, '', NULL, '', '', NULL, NULL, '{"provider": "email","providers": ["email"]}', '{"first_name": "nombre" , "last_name":"apellido"}', NULL, '2023-09-06T00:52:22.251', '2023-09-06T00:52:22.251', NULL, NULL, '', '', NULL, '2023-09-06T00:52:22.251', 0, NULL, '', NULL, false, NULL, false);
INSERT INTO auth.users (instance_id, id, aud, role, email, encrypted_password, email_confirmed_at, invited_at, confirmation_token, confirmation_sent_at, recovery_token, recovery_sent_at, email_change_token_new, email_change, email_change_sent_at, last_sign_in_at, raw_app_meta_data, raw_user_meta_data, is_super_admin, created_at, updated_at, phone, phone_confirmed_at, phone_change, phone_change_token, phone_change_sent_at, email_change_token_current, email_change_confirm_status, banned_until, reauthentication_token, reauthentication_sent_at, is_sso_user, deleted_at, is_anonymous) VALUES('00000000-0000-0000-0000-000000000000', '4fdcfe70-6490-46e6-8ae6-34912f5e5fc2', 'authenticated','authenticated', 'Isobel.Mraz@yahoo.com', 'mKFZ2BMV_Vlvx1K', '2023-09-06T00:53:22.251', NULL, '', NULL, '', NULL, '', '', NULL, NULL, '{"provider": "email","providers": ["email"]}', '{"first_name": "nombre" , "last_name":"apellido"}', NULL, '2023-09-06T00:53:22.251', '2023-09-06T00:53:22.251', NULL, NULL, '', '', NULL, '2023-09-06T00:53:22.251', 0, NULL, '', NULL, false, NULL, false);
INSERT INTO auth.users (instance_id, id, aud, role, email, encrypted_password, email_confirmed_at, invited_at, confirmation_token, confirmation_sent_at, recovery_token, recovery_sent_at, email_change_token_new, email_change, email_change_sent_at, last_sign_in_at, raw_app_meta_data, raw_user_meta_data, is_super_admin, created_at, updated_at, phone, phone_confirmed_at, phone_change, phone_change_token, phone_change_sent_at, email_change_token_current, email_change_confirm_status, banned_until, reauthentication_token, reauthentication_sent_at, is_sso_user, deleted_at, is_anonymous) VALUES('00000000-0000-0000-0000-000000000000', '588a323f-5681-47a4-a7ca-3a442342560a', 'authenticated','authenticated', 'Nicholaus_Heaney63@hotmail.com', 'eQnOtNL6nkBx5zc', '2023-09-06T00:54:22.251', NULL, '', NULL, '', NULL, '', '', NULL, NULL, '{"provider": "email","providers": ["email"]}', '{"first_name": "nombre" , "last_name":"apellido"}', NULL, '2023-09-06T00:54:22.251', '2023-09-06T00:54:22.251', NULL, NULL, '', '', NULL, '2023-09-06T00:54:22.251', 0, NULL, '', NULL, false, NULL, false);
INSERT INTO auth.users (instance_id, id, aud, role, email, encrypted_password, email_confirmed_at, invited_at, confirmation_token, confirmation_sent_at, recovery_token, recovery_sent_at, email_change_token_new, email_change, email_change_sent_at, last_sign_in_at, raw_app_meta_data, raw_user_meta_data, is_super_admin, created_at, updated_at, phone, phone_confirmed_at, phone_change, phone_change_token, phone_change_sent_at, email_change_token_current, email_change_confirm_status, banned_until, reauthentication_token, reauthentication_sent_at, is_sso_user, deleted_at, is_anonymous) VALUES('00000000-0000-0000-0000-000000000000', '9421b683-e000-4735-8404-9a9b12b78bf6', 'authenticated','authenticated', 'Dorothy_Langosh2@yahoo.com', 'MUDRqyXDGfeRRtT', '2023-09-06T00:55:22.251', NULL, '', NULL, '', NULL, '', '', NULL, NULL, '{"provider": "email","providers": ["email"]}', '{"first_name": "nombre" , "last_name":"apellido"}', NULL, '2023-09-06T00:55:22.251', '2023-09-06T00:55:22.251', NULL, NULL, '', '', NULL, '2023-09-06T00:55:22.251', 0, NULL, '', NULL, false, NULL, false);
INSERT INTO auth.users (instance_id, id, aud, role, email, encrypted_password, email_confirmed_at, invited_at, confirmation_token, confirmation_sent_at, recovery_token, recovery_sent_at, email_change_token_new, email_change, email_change_sent_at, last_sign_in_at, raw_app_meta_data, raw_user_meta_data, is_super_admin, created_at, updated_at, phone, phone_confirmed_at, phone_change, phone_change_token, phone_change_sent_at, email_change_token_current, email_change_confirm_status, banned_until, reauthentication_token, reauthentication_sent_at, is_sso_user, deleted_at, is_anonymous) VALUES('00000000-0000-0000-0000-000000000000', 'c47b303a-1e0a-470e-b6e7-8cf8a3f3d7d3', 'authenticated','authenticated', 'Lucas5@yahoo.com', 'U5WW_T2rYM3YxL_', '2023-09-06T00:56:22.251', NULL, '', NULL, '', NULL, '', '', NULL, NULL, '{"provider": "email","providers": ["email"]}', '{"first_name": "nombre" , "last_name":"apellido"}', NULL, '2023-09-06T00:56:22.251', '2023-09-06T00:56:22.251', NULL, NULL, '', '', NULL, '2023-09-06T00:56:22.251', 0, NULL, '', NULL, false, NULL, false);
INSERT INTO auth.users (instance_id, id, aud, role, email, encrypted_password, email_confirmed_at, invited_at, confirmation_token, confirmation_sent_at, recovery_token, recovery_sent_at, email_change_token_new, email_change, email_change_sent_at, last_sign_in_at, raw_app_meta_data, raw_user_meta_data, is_super_admin, created_at, updated_at, phone, phone_confirmed_at, phone_change, phone_change_token, phone_change_sent_at, email_change_token_current, email_change_confirm_status, banned_until, reauthentication_token, reauthentication_sent_at, is_sso_user, deleted_at, is_anonymous) VALUES('00000000-0000-0000-0000-000000000000', '6875baed-7280-40b5-aab0-4c7adb4ddbce', 'authenticated','authenticated', 'Damian_Hoeger@hotmail.com', '7p3GTV02v0YCr21', '2023-09-06T00:57:22.251', NULL, '', NULL, '', NULL, '', '', NULL, NULL, '{"provider": "email","providers": ["email"]}', '{"first_name": "nombre" , "last_name":"apellido"}', NULL, '2023-09-06T00:57:22.251', '2023-09-06T00:57:22.251', NULL, NULL, '', '', NULL, '2023-09-06T00:57:22.251', 0, NULL, '', NULL, false, NULL, false);
INSERT INTO auth.users (instance_id, id, aud, role, email, encrypted_password, email_confirmed_at, invited_at, confirmation_token, confirmation_sent_at, recovery_token, recovery_sent_at, email_change_token_new, email_change, email_change_sent_at, last_sign_in_at, raw_app_meta_data, raw_user_meta_data, is_super_admin, created_at, updated_at, phone, phone_confirmed_at, phone_change, phone_change_token, phone_change_sent_at, email_change_token_current, email_change_confirm_status, banned_until, reauthentication_token, reauthentication_sent_at, is_sso_user, deleted_at, is_anonymous) VALUES('00000000-0000-0000-0000-000000000000', 'f675ebe4-7550-4f04-b09d-b062c2391bb3', 'authenticated','authenticated', 'Reed43@yahoo.com', '9zFdmO7eIu8rwCQ', '2023-09-06T00:58:22.251', NULL, '', NULL, '', NULL, '', '', NULL, NULL, '{"provider": "email","providers": ["email"]}', '{"first_name": "nombre" , "last_name":"apellido"}', NULL, '2023-09-06T00:58:22.251', '2023-09-06T00:58:22.251', NULL, NULL, '', '', NULL, '2023-09-06T00:58:22.251', 0, NULL, '', NULL, false, NULL, false);
INSERT INTO auth.users (instance_id, id, aud, role, email, encrypted_password, email_confirmed_at, invited_at, confirmation_token, confirmation_sent_at, recovery_token, recovery_sent_at, email_change_token_new, email_change, email_change_sent_at, last_sign_in_at, raw_app_meta_data, raw_user_meta_data, is_super_admin, created_at, updated_at, phone, phone_confirmed_at, phone_change, phone_change_token, phone_change_sent_at, email_change_token_current, email_change_confirm_status, banned_until, reauthentication_token, reauthentication_sent_at, is_sso_user, deleted_at, is_anonymous) VALUES('00000000-0000-0000-0000-000000000000', '529ce07a-d7b1-461e-958a-75734e970455', 'authenticated','authenticated', 'Niko6@gmail.com', 'BWRFW2RjV3duv8Q', '2023-09-06T00:59:22.251', NULL, '', NULL, '', NULL, '', '', NULL, NULL, '{"provider": "email","providers": ["email"]}', '{"first_name": "nombre" , "last_name":"apellido"}', NULL, '2023-09-06T00:59:22.251', '2023-09-06T00:59:22.251', NULL, NULL, '', '', NULL, '2023-09-06T00:59:22.251', 0, NULL, '', NULL, false, NULL, false);
INSERT INTO auth.users (instance_id, id, aud, role, email, encrypted_password, email_confirmed_at, invited_at, confirmation_token, confirmation_sent_at, recovery_token, recovery_sent_at, email_change_token_new, email_change, email_change_sent_at, last_sign_in_at, raw_app_meta_data, raw_user_meta_data, is_super_admin, created_at, updated_at, phone, phone_confirmed_at, phone_change, phone_change_token, phone_change_sent_at, email_change_token_current, email_change_confirm_status, banned_until, reauthentication_token, reauthentication_sent_at, is_sso_user, deleted_at, is_anonymous) VALUES('00000000-0000-0000-0000-000000000000', '4802b570-99a2-439a-a944-8a8b4a3a3ec5', 'authenticated','authenticated', 'Lincoln72@yahoo.com', 'rvRG81ZMWOgee2e', '2023-09-06T01:00:22.251', NULL, '', NULL, '', NULL, '', '', NULL, NULL, '{"provider": "email","providers": ["email"]}', '{"first_name": "nombre" , "last_name":"apellido"}', NULL, '2023-09-06T01:00:22.251', '2023-09-06T01:00:22.251', NULL, NULL, '', '', NULL, '2023-09-06T01:00:22.251', 0, NULL, '', NULL, false, NULL, false);
INSERT INTO auth.users (instance_id, id, aud, role, email, encrypted_password, email_confirmed_at, invited_at, confirmation_token, confirmation_sent_at, recovery_token, recovery_sent_at, email_change_token_new, email_change, email_change_sent_at, last_sign_in_at, raw_app_meta_data, raw_user_meta_data, is_super_admin, created_at, updated_at, phone, phone_confirmed_at, phone_change, phone_change_token, phone_change_sent_at, email_change_token_current, email_change_confirm_status, banned_until, reauthentication_token, reauthentication_sent_at, is_sso_user, deleted_at, is_anonymous) VALUES('00000000-0000-0000-0000-000000000000', '619336ad-fd60-449a-a3d5-ca97315a06cb', 'authenticated','authenticated', 'Norwood.Hermiston@yahoo.com', 'nS4pPRsF_sodYdv', '2023-09-06T01:01:22.251', NULL, '', NULL, '', NULL, '', '', NULL, NULL, '{"provider": "email","providers": ["email"]}', '{"first_name": "nombre" , "last_name":"apellido"}', NULL, '2023-09-06T01:01:22.251', '2023-09-06T01:01:22.251', NULL, NULL, '', '', NULL, '2023-09-06T01:01:22.251', 0, NULL, '', NULL, false, NULL, false);
INSERT INTO auth.users (instance_id, id, aud, role, email, encrypted_password, email_confirmed_at, invited_at, confirmation_token, confirmation_sent_at, recovery_token, recovery_sent_at, email_change_token_new, email_change, email_change_sent_at, last_sign_in_at, raw_app_meta_data, raw_user_meta_data, is_super_admin, created_at, updated_at, phone, phone_confirmed_at, phone_change, phone_change_token, phone_change_sent_at, email_change_token_current, email_change_confirm_status, banned_until, reauthentication_token, reauthentication_sent_at, is_sso_user, deleted_at, is_anonymous) VALUES('00000000-0000-0000-0000-000000000000', 'a610d034-70a4-42c1-ba6c-29d5c382bd7f', 'authenticated','authenticated', 'Mallory.Tromp27@yahoo.com', 'EPbqCCydltEIuZL', '2023-09-06T01:02:22.251', NULL, '', NULL, '', NULL, '', '', NULL, NULL, '{"provider": "email","providers": ["email"]}', '{"first_name": "nombre" , "last_name":"apellido"}', NULL, '2023-09-06T01:02:22.251', '2023-09-06T01:02:22.251', NULL, NULL, '', '', NULL, '2023-09-06T01:02:22.251', 0, NULL, '', NULL, false, NULL, false);
INSERT INTO auth.users (instance_id, id, aud, role, email, encrypted_password, email_confirmed_at, invited_at, confirmation_token, confirmation_sent_at, recovery_token, recovery_sent_at, email_change_token_new, email_change, email_change_sent_at, last_sign_in_at, raw_app_meta_data, raw_user_meta_data, is_super_admin, created_at, updated_at, phone, phone_confirmed_at, phone_change, phone_change_token, phone_change_sent_at, email_change_token_current, email_change_confirm_status, banned_until, reauthentication_token, reauthentication_sent_at, is_sso_user, deleted_at, is_anonymous) VALUES('00000000-0000-0000-0000-000000000000', 'b3b9b518-9d5e-4516-b620-bced468a0bbb', 'authenticated','authenticated', 'Kacie71@gmail.com', 'sOFhtn1yWCoiyUD', '2023-09-06T01:03:22.251', NULL, '', NULL, '', NULL, '', '', NULL, NULL, '{"provider": "email","providers": ["email"]}', '{"first_name": "nombre" , "last_name":"apellido"}', NULL, '2023-09-06T01:03:22.251', '2023-09-06T01:03:22.251', NULL, NULL, '', '', NULL, '2023-09-06T01:03:22.251', 0, NULL, '', NULL, false, NULL, false);
INSERT INTO auth.users (instance_id, id, aud, role, email, encrypted_password, email_confirmed_at, invited_at, confirmation_token, confirmation_sent_at, recovery_token, recovery_sent_at, email_change_token_new, email_change, email_change_sent_at, last_sign_in_at, raw_app_meta_data, raw_user_meta_data, is_super_admin, created_at, updated_at, phone, phone_confirmed_at, phone_change, phone_change_token, phone_change_sent_at, email_change_token_current, email_change_confirm_status, banned_until, reauthentication_token, reauthentication_sent_at, is_sso_user, deleted_at, is_anonymous) VALUES('00000000-0000-0000-0000-000000000000', '416bbc20-b0ae-44d8-8b77-48fc3e1f0b21', 'authenticated','authenticated', 'Bret.Hamill@yahoo.com', 'G6zV1aqqlMK9NaM', '2023-09-06T01:04:22.251', NULL, '', NULL, '', NULL, '', '', NULL, NULL, '{"provider": "email","providers": ["email"]}', '{"first_name": "nombre" , "last_name":"apellido"}', NULL, '2023-09-06T01:04:22.251', '2023-09-06T01:04:22.251', NULL, NULL, '', '', NULL, '2023-09-06T01:04:22.251', 0, NULL, '', NULL, false, NULL, false);


INSERT INTO public.device_types(id, name,created_at) VALUES ('d1af20d7-88b7-438d-8487-efd660637014', 'Ergonomic' ,'2023-09-05T10:41:19.537');
INSERT INTO public.device_types(id, name,created_at) VALUES ('cf4d2653-562f-43c7-8f8c-a3ea43b1fa96', 'Sleek','2023-09-05T10:41:19.537');
INSERT INTO public.device_types(id, name,created_at) VALUES ('f693cc6b-309a-4cb6-8244-a0b20305d702', 'Small','2023-09-05T10:41:19.537');
INSERT INTO public.device_types(id, name,created_at) VALUES ('61bf8784-0a2f-41ea-b81c-36f4d9de7961', 'Intelligent','2023-09-05T10:41:19.537');
INSERT INTO public.device_types(id, name,created_at) VALUES ('2481d42d-766c-405a-9fd6-a3b7d956d3e4', 'Tasty','2023-09-05T10:41:19.537');
INSERT INTO public.device_types(id, name,created_at) VALUES ('d382c272-0085-4e57-b067-3acd2ea5d385', 'Modern','2023-09-05T10:41:19.537');
INSERT INTO public.device_types(id, name,created_at) VALUES ('4bce78b8-aa5f-4dde-81ab-148e795e9167', 'Tasty','2023-09-05T10:41:19.537');
INSERT INTO public.device_types(id, name,created_at) VALUES ('a778005c-0e0f-4f88-8054-87fa12a18b42', 'Fantastic','2023-09-05T10:41:19.537');
INSERT INTO public.device_types(id, name,created_at) VALUES ('20ace4f0-5e4f-4ecd-8456-cfd71acdfd22', 'Incredible','2023-09-05T10:41:19.537');
INSERT INTO public.device_types(id, name,created_at) VALUES ('adcfb254-7011-48c8-8834-7e8dfa1caef5', 'Luxurious','2023-09-05T10:41:19.537');


INSERT INTO public.device_users (id, first_name, last_name, gender, created_at, date_of_birth, weight, height, tenant_id) VALUES ('0d3bee1f-0bc0-4bc6-9672-b254571151ac', 'Granville', 'Wolf', 'F', '2020-01-01T09:09:00.000', '1976-09-17T02:37:32.979', 133.66, 179.79, '416bbc20-b0ae-44d8-8b77-48fc3e1f0b21');
INSERT INTO public.device_users (id, first_name, last_name, gender, created_at, date_of_birth, weight, height, tenant_id) VALUES ('f3168397-c609-4882-8df7-9b8a3e9ae338', 'Tre', 'Rempel', 'F', '2020-01-01T09:10:00.000', '1995-05-11T04:44:12.829', 122.56, 194.46, 'b3b9b518-9d5e-4516-b620-bced468a0bbb');
INSERT INTO public.device_users (id, first_name, last_name, gender, created_at, date_of_birth, weight, height, tenant_id) VALUES ('7820d2ff-766e-4ca2-ab01-c67a88bfab6f', 'Elisabeth', 'Wuckert', 'M', '2020-01-01T09:11:00.000', '1987-09-12T04:42:07.051', 113.26, 195.78, 'a610d034-70a4-42c1-ba6c-29d5c382bd7f');
INSERT INTO public.device_users (id, first_name, last_name, gender, created_at, date_of_birth, weight, height, tenant_id) VALUES ('d51f9e9f-1c2d-45d5-ba5d-e1a41a866872', 'Aliyah', 'Bayer', 'F', '2020-01-01T09:12:00.000', '1989-07-04T09:34:42.728', 160.8, 164.95, '619336ad-fd60-449a-a3d5-ca97315a06cb');
INSERT INTO public.device_users (id, first_name, last_name, gender, created_at, date_of_birth, weight, height, tenant_id) VALUES ('a4c4987e-695a-40bf-8587-ada08b0564a8', 'Kamryn', 'Kuphal', 'M', '2020-01-01T09:13:00.000', '1984-12-02T08:49:31.673', 137.78, 193.88, '4802b570-99a2-439a-a944-8a8b4a3a3ec5');
INSERT INTO public.device_users (id, first_name, last_name, gender, created_at, date_of_birth, weight, height, tenant_id) VALUES ('f7925ed9-e7f5-4621-9e3c-0978df2be363', 'Kelly', 'Carroll', 'M', '2020-01-01T09:14:00.000', '1984-02-14T11:41:27.230', 145.68, 189.52, '529ce07a-d7b1-461e-958a-75734e970455');
INSERT INTO public.device_users (id, first_name, last_name, gender, created_at, date_of_birth, weight, height, tenant_id) VALUES ('68a509a6-1139-4a0a-aaec-af2465377e81', 'Olaf', 'White', 'F', '2020-01-01T09:15:00.000', '1944-12-20T15:54:36.634', 163.21, 190.26, 'f675ebe4-7550-4f04-b09d-b062c2391bb3');
INSERT INTO public.device_users (id, first_name, last_name, gender, created_at, date_of_birth, weight, height, tenant_id) VALUES ('53cbdc97-a83a-4e89-9cc2-1356e53fadb5', 'Vickie', 'Wiza', 'F', '2020-01-01T09:16:00.000', '1948-06-26T10:27:23.777', 128.73, 180.93, '6875baed-7280-40b5-aab0-4c7adb4ddbce');
INSERT INTO public.device_users (id, first_name, last_name, gender, created_at, date_of_birth, weight, height, tenant_id) VALUES ('f96bc620-998d-4c5b-a706-390bd3b86336', 'Maxie', 'Dickinson', 'M', '2020-01-01T09:17:00.000', '1972-04-23T18:15:08.370', 147.8, 189.68, 'c47b303a-1e0a-470e-b6e7-8cf8a3f3d7d3');
INSERT INTO public.device_users (id, first_name, last_name, gender, created_at, date_of_birth, weight, height, tenant_id) VALUES ('d6417810-9972-4892-a449-34312635d501', 'Alena', 'Okuneva', 'F', '2020-01-01T09:18:00.000', '1969-03-26T03:36:42.442', 178.57, 192.29, '9421b683-e000-4735-8404-9a9b12b78bf6');
INSERT INTO public.device_users (id, first_name, last_name, gender, created_at, date_of_birth, weight, height, tenant_id) VALUES ('5fdbed7b-c306-423c-9253-f503ce633122', 'Freda', 'Huels', 'M', '2020-01-01T09:19:00.000', '1987-06-02T20:53:22.302', 186.91, 177.92, '588a323f-5681-47a4-a7ca-3a442342560a');
INSERT INTO public.device_users (id, first_name, last_name, gender, created_at, date_of_birth, weight, height, tenant_id) VALUES ('7283a1c3-dce9-4581-9178-8144deaf4fd7', 'Leopoldo', 'Flatley', 'M', '2020-01-01T09:20:00.000', '1950-03-18T09:06:08.347', 128.42, 161.48, '4fdcfe70-6490-46e6-8ae6-34912f5e5fc2');
INSERT INTO public.device_users (id, first_name, last_name, gender, created_at, date_of_birth, weight, height, tenant_id) VALUES ('84104925-7927-4736-855f-64ff4e275ae9', 'Emmet', 'Sawayn', 'F', '2020-01-01T09:21:00.000', '1950-06-29T00:29:12.740', 154.58, 179.95, 'e35a5cb6-f86a-41cc-b79f-ca36de8911e0');
INSERT INTO public.device_users (id, first_name, last_name, gender, created_at, date_of_birth, weight, height, tenant_id) VALUES ('d9c08ad4-6d86-46c2-ac64-e8cadaa97e24', 'Jovanny', 'Kulas', 'F', '2020-01-01T09:22:00.000', '1944-08-03T19:33:34.525', 190.28, 187.28, 'e0a9c7e3-0620-4764-9b06-ad71432d1717');
INSERT INTO public.device_users (id, first_name, last_name, gender, created_at, date_of_birth, weight, height, tenant_id) VALUES ('3a719225-cca9-4865-a447-13cc45e10bd4', 'Timmothy', 'Ebert', 'F', '2020-01-01T09:23:00.000', '1986-08-28T20:13:55.108', 131.6, 169.12, '7b501e0d-3d02-4308-b267-76a09ce8621e');
INSERT INTO public.device_users (id, first_name, last_name, gender, created_at, date_of_birth, weight, height, tenant_id) VALUES ('47ec69a5-0e5d-46a0-b31c-744af47a5fce', 'Lacey', 'McDermott', 'M', '2020-01-01T09:24:00.000', '1951-04-10T10:55:43.852', 153.24, 188.05, '237181d4-3a15-4e43-add7-f5ff2555513a');
INSERT INTO public.device_users (id, first_name, last_name, gender, created_at, date_of_birth, weight, height, tenant_id) VALUES ('16f09f5b-a59e-4fd6-8831-4df42149f9bb', 'Cameron', 'Grimes', 'M', '2020-01-01T09:25:00.000', '1974-09-25T13:29:33.825', 119.75, 177.97, '388e337d-5620-4f8e-be06-1451587ec769');
INSERT INTO public.device_users (id, first_name, last_name, gender, created_at, date_of_birth, weight, height, tenant_id) VALUES ('0c208dd8-70db-46d3-b156-38d54fac9589', 'Alice', 'Champlin', 'F', '2020-01-01T09:26:00.000', '1951-12-15T19:23:24.438', 186.53, 172.22, '4f0319d9-e9ad-40d6-8b29-8e4b8a304260');
INSERT INTO public.device_users (id, first_name, last_name, gender, created_at, date_of_birth, weight, height, tenant_id) VALUES ('48614d2c-c58e-4dfb-8a0a-985b0a1162f5', 'Modesta', 'Pagac', 'F', '2020-01-01T09:27:00.000', '2002-08-14T07:09:34.838', 142.73, 164.23, '0225b8af-43c7-4869-8163-dc662901e57e');
INSERT INTO public.device_users (id, first_name, last_name, gender, created_at, date_of_birth, weight, height, tenant_id) VALUES ('fbd1b27e-0b05-440c-9041-275215883215', 'Rosella', 'Ratke', 'F', '2020-01-01T09:28:00.000', '1994-05-02T07:40:11.779', 174.95, 157.57, '589db6c7-4bb5-415d-b68e-7c956b39ffbe');


INSERT INTO public.iot_devices(id, tenant_id, name, device_type, serial_number, firmware_version, created_at) VALUES ('33ad6399-264c-4ce1-ab81-1834f97183e5', '416bbc20-b0ae-44d8-8b77-48fc3e1f0b21', 'integrated', 'Oriental', '61vgb9vteb', '5042439317', '2020-01-01T09:09:00.000');
INSERT INTO public.iot_devices(id, tenant_id, name, device_type, serial_number, firmware_version, created_at) VALUES ('1db72078-a3b0-4716-88e4-becd0a2de4c2', 'b3b9b518-9d5e-4516-b620-bced468a0bbb', 'viral', 'Practical', 'pegs26l3o1', '2541762335', '2020-01-01T09:10:00.000');
INSERT INTO public.iot_devices(id, tenant_id, name, device_type, serial_number, firmware_version, created_at) VALUES ('a295ed63-9ee8-465d-9779-f7551ea1b5cc', '4fdcfe70-6490-46e6-8ae6-34912f5e5fc2', 'granular', 'Incredible', 'vs89abdnsj', '7793306561', '2020-01-01T09:11:00.000');
INSERT INTO public.iot_devices(id, tenant_id, name, device_type, serial_number, firmware_version, created_at) VALUES ('dd757ff2-003e-406e-9446-ac46009aa0ec', 'a610d034-70a4-42c1-ba6c-29d5c382bd7f', 'intuitive', 'Handmade', '9mx6fg93sd', '6539130294', '2020-01-01T09:12:00.000');
INSERT INTO public.iot_devices(id, tenant_id, name, device_type, serial_number, firmware_version, created_at) VALUES ('363df946-497c-466c-af8a-9919d0edd98e', '619336ad-fd60-449a-a3d5-ca97315a06cb', 'virtual', 'Small', 'grykjtxzmf', '7909753883', '2020-01-01T09:13:00.000');
INSERT INTO public.iot_devices(id, tenant_id, name, device_type, serial_number, firmware_version, created_at) VALUES ('189924b4-3545-405d-8a57-10b814c6a48a', '4802b570-99a2-439a-a944-8a8b4a3a3ec5', 'bleeding-edge', 'Rustic', 'spyaaigt0s', '4117113567', '2020-01-01T09:14:00.000');
INSERT INTO public.iot_devices(id, tenant_id, name, device_type, serial_number, firmware_version, created_at) VALUES ('04440862-e20e-4923-916e-2601326a5fd9', '529ce07a-d7b1-461e-958a-75734e970455', 'web-enabled', 'Recycled', 'c8jlast0mb', '2601901049', '2020-01-01T09:15:00.000');
INSERT INTO public.iot_devices(id, tenant_id, name, device_type, serial_number, firmware_version, created_at) VALUES ('2323f80e-b025-4a83-a47e-95994f57c950', 'f675ebe4-7550-4f04-b09d-b062c2391bb3', 'intuitive', 'Intelligent', 'lsdykilkth', '1866675649', '2020-01-01T09:16:00.000');
INSERT INTO public.iot_devices(id, tenant_id, name, device_type, serial_number, firmware_version, created_at) VALUES ('fddd6093-1aa6-446b-9659-9ff93099cef0', '6875baed-7280-40b5-aab0-4c7adb4ddbce', 'dynamic', 'Refined', '6eh7m43ksl', '9863831442', '2020-01-01T09:17:00.000');
INSERT INTO public.iot_devices(id, tenant_id, name, device_type, serial_number, firmware_version, created_at) VALUES ('5e7be533-8e5b-48cc-a5eb-243ff7d7ff0e', 'c47b303a-1e0a-470e-b6e7-8cf8a3f3d7d3', 'end-to-end', 'Oriental', 'iiex047utk', '9010240971', '2020-01-01T09:18:00.000');
INSERT INTO public.iot_devices(id, tenant_id, name, device_type, serial_number, firmware_version, created_at) VALUES ('63e19deb-e861-45ce-99c8-b4dd5d17b0c3', '9421b683-e000-4735-8404-9a9b12b78bf6', 'back-end', 'Tasty', 'xwsnpu1qdx', '1601457020', '2020-01-01T09:19:00.000');
INSERT INTO public.iot_devices(id, tenant_id, name, device_type, serial_number, firmware_version, created_at) VALUES ('21c1f59e-88b9-4dac-b98a-64449040c2ec', '588a323f-5681-47a4-a7ca-3a442342560a', 'collaborative', 'Modern', 'ijqtqn92zx', '7902086679', '2020-01-01T09:20:00.000');
INSERT INTO public.iot_devices(id, tenant_id, name, device_type, serial_number, firmware_version, created_at) VALUES ('a11a5612-5e17-417d-930a-280c788e439f', 'e35a5cb6-f86a-41cc-b79f-ca36de8911e0', 'web-enabled', 'Fantastic', 'k7731kev3o', '3899110291', '2020-01-01T09:21:00.000');
INSERT INTO public.iot_devices(id, tenant_id, name, device_type, serial_number, firmware_version, created_at) VALUES ('6f134ebb-6b13-47b8-b3e7-1d5397ad0e08', 'e0a9c7e3-0620-4764-9b06-ad71432d1717', 'value-added', 'Ergonomic', '1y5mrn1dts', '6294756402', '2020-01-01T09:22:00.000');
INSERT INTO public.iot_devices(id, tenant_id, name, device_type, serial_number, firmware_version, created_at) VALUES ('d5c302e9-7782-4495-b4d9-3a5b7ddfce6a', '7b501e0d-3d02-4308-b267-76a09ce8621e', 'integrated', 'Unbranded', 'oqk50wo5tp', '6898786648', '2020-01-01T09:23:00.000');
INSERT INTO public.iot_devices(id, tenant_id, name, device_type, serial_number, firmware_version, created_at) VALUES ('53f77c89-06d5-4647-8c79-1a873f8b8d24', '237181d4-3a15-4e43-add7-f5ff2555513a', 'sticky', 'Unbranded', 'v3afnee8fm', '4218695235', '2020-01-01T09:24:00.000');
INSERT INTO public.iot_devices(id, tenant_id, name, device_type, serial_number, firmware_version, created_at) VALUES ('45d5a0b5-319b-49c0-8ced-790e6ddd1b41', '388e337d-5620-4f8e-be06-1451587ec769', 'web-enabled', 'Generic', 'oh7hsh7rsg', '2331769362', '2020-01-01T09:25:00.000');
INSERT INTO public.iot_devices(id, tenant_id, name, device_type, serial_number, firmware_version, created_at) VALUES ('b3eedbae-cba3-48fb-82cc-c3bbc0253fca', '4f0319d9-e9ad-40d6-8b29-8e4b8a304260', 'user-centric', 'Ergonomic', 'oa3m8ziylx', '2956740566', '2020-01-01T09:26:00.000');
INSERT INTO public.iot_devices(id, tenant_id, name, device_type, serial_number, firmware_version, created_at) VALUES ('baec38ae-d9af-4def-96ca-7a012bb54066', '0225b8af-43c7-4869-8163-dc662901e57e', 'extensible', 'Gorgeous', 'k7p2zu205m', '5057637847', '2020-01-01T09:27:00.000');
INSERT INTO public.iot_devices(id, tenant_id, name, device_type, serial_number, firmware_version, created_at) VALUES ('2e90f31a-2054-46c0-a656-8eceac0c6d81', '589db6c7-4bb5-415d-b68e-7c956b39ffbe', 'innovative', 'Small', 'prpautofcm', '9681943769', '2020-01-01T09:28:00.000');


INSERT INTO public.medical_devices (id, iot_device_id, device_type, name, serial_number, manufacturer, model, created_at) VALUES ('24be76ba-f160-44be-9018-67f2255e4e51', '33ad6399-264c-4ce1-ab81-1834f97183e5', 'd1af20d7-88b7-438d-8487-efd660637014', 'revolutionize', 'dj5n858rx5', 'Renner, Pacocha and Pacocha', 'Group', '2020-01-01T09:09:00.000');
INSERT INTO public.medical_devices (id, iot_device_id, device_type, name, serial_number, manufacturer, model, created_at) VALUES ('a054f7f7-6a69-4109-8840-1dee70c88a3b', '1db72078-a3b0-4716-88e4-becd0a2de4c2', 'd1af20d7-88b7-438d-8487-efd660637014', 'innovate', 'wbsuk4i0fa', 'Rogahn LLC', 'Group', '2020-01-01T09:10:00.000');
INSERT INTO public.medical_devices (id, iot_device_id, device_type, name, serial_number, manufacturer, model, created_at) VALUES ('60e5f568-e98c-4ae1-9cc0-40460669db1f', 'a295ed63-9ee8-465d-9779-f7551ea1b5cc', 'd1af20d7-88b7-438d-8487-efd660637014', 'whiteboard', '1h6010la4d', 'OConner - Becker', 'Group', '2020-01-01T09:11:00.000');
INSERT INTO public.medical_devices (id, iot_device_id, device_type, name, serial_number, manufacturer, model, created_at) VALUES ('be7833e0-0719-4ccf-b12c-919dd4a58b4d', 'dd757ff2-003e-406e-9446-ac46009aa0ec', 'd1af20d7-88b7-438d-8487-efd660637014', 'leverage', '7ibacemk6u', 'Ledner, Lueilwitz and Bruen', 'Inc', '2020-01-01T09:12:00.000');
INSERT INTO public.medical_devices (id, iot_device_id, device_type, name, serial_number, manufacturer, model, created_at) VALUES ('1adc78c4-062a-4bc0-adf8-c8247b218083', '363df946-497c-466c-af8a-9919d0edd98e', 'd1af20d7-88b7-438d-8487-efd660637014', 'facilitate', '9w7okiv47f', 'Bernier Inc', 'LLC', '2020-01-01T09:13:00.000');
INSERT INTO public.medical_devices (id, iot_device_id, device_type, name, serial_number, manufacturer, model, created_at) VALUES ('94ea0e7d-1a6b-4f33-97ab-e7ab78a7105f', '189924b4-3545-405d-8a57-10b814c6a48a', 'd1af20d7-88b7-438d-8487-efd660637014', 'transition', 'hinyo4ebqn', 'Lang Inc', 'Group', '2020-01-01T09:14:00.000');
INSERT INTO public.medical_devices (id, iot_device_id, device_type, name, serial_number, manufacturer, model, created_at) VALUES ('2c8b4a35-e60c-4b88-8a4f-6249ef8a2ab6', '04440862-e20e-4923-916e-2601326a5fd9', 'd1af20d7-88b7-438d-8487-efd660637014', 'empower', 'swfv55q64z', 'Kautzer, Hirthe and McLaughlin', 'LLC', '2020-01-01T09:15:00.000');
INSERT INTO public.medical_devices (id, iot_device_id, device_type, name, serial_number, manufacturer, model, created_at) VALUES ('8413f141-b6eb-481a-92e6-74cd595fb000', '2323f80e-b025-4a83-a47e-95994f57c950', 'd1af20d7-88b7-438d-8487-efd660637014', 'generate', 'mmgqb62qb8', 'Fritsch and Sons', 'Inc', '2020-01-01T09:16:00.000');
INSERT INTO public.medical_devices (id, iot_device_id, device_type, name, serial_number, manufacturer, model, created_at) VALUES ('0ff1d21b-e744-481f-8dfd-13c9b71cb9fb', 'fddd6093-1aa6-446b-9659-9ff93099cef0', 'd1af20d7-88b7-438d-8487-efd660637014', 'brand', '0y0gpbxh67', 'Rowe, Orn and Goldner', 'and Sons', '2020-01-01T09:17:00.000');
INSERT INTO public.medical_devices (id, iot_device_id, device_type, name, serial_number, manufacturer, model, created_at) VALUES ('ca345430-3da0-40e0-8233-f33738a4fcbe', '5e7be533-8e5b-48cc-a5eb-243ff7d7ff0e', 'd1af20d7-88b7-438d-8487-efd660637014', 'harness', 'wfleo94g82', 'Treutel, Weissnat and Bernhard', 'LLC', '2020-01-01T09:18:00.000');
INSERT INTO public.medical_devices (id, iot_device_id, device_type, name, serial_number, manufacturer, model, created_at) VALUES ('70cb0af7-c44d-4de1-9b21-7e6bb543f1f1', '63e19deb-e861-45ce-99c8-b4dd5d17b0c3', 'd1af20d7-88b7-438d-8487-efd660637014', 'seize', 'vkbmor9duj', 'Swift, Hyatt and Kiehn', 'Inc', '2020-01-01T09:19:00.000');
INSERT INTO public.medical_devices (id, iot_device_id, device_type, name, serial_number, manufacturer, model, created_at) VALUES ('aa7465fe-ea9d-47ad-bcb0-5ef3c486c0b4', '21c1f59e-88b9-4dac-b98a-64449040c2ec', 'd1af20d7-88b7-438d-8487-efd660637014', 'expedite', 'okohrlweib', 'Mraz, Russel and Feeney', 'and Sons', '2020-01-01T09:20:00.000');
INSERT INTO public.medical_devices (id, iot_device_id, device_type, name, serial_number, manufacturer, model, created_at) VALUES ('45964595-9d73-4bf8-b8f6-0a6159040a48', 'a11a5612-5e17-417d-930a-280c788e439f', 'd1af20d7-88b7-438d-8487-efd660637014', 'deliver', '0gd3gxt16z', 'Wunsch, Corwin and Lang', 'and Sons', '2020-01-01T09:21:00.000');
INSERT INTO public.medical_devices (id, iot_device_id, device_type, name, serial_number, manufacturer, model, created_at) VALUES ('dfc28e30-921e-4af4-91a4-43e8e77fe083', '6f134ebb-6b13-47b8-b3e7-1d5397ad0e08', 'd1af20d7-88b7-438d-8487-efd660637014', 'architect', 'je3mes6y53', 'Cronin, Carroll and Brekke', 'LLC', '2020-01-01T09:22:00.000');
INSERT INTO public.medical_devices (id, iot_device_id, device_type, name, serial_number, manufacturer, model, created_at) VALUES ('2a852d3d-81d3-42b2-881d-4f335286d916', 'd5c302e9-7782-4495-b4d9-3a5b7ddfce6a', 'd1af20d7-88b7-438d-8487-efd660637014', 'innovate', 'ml8iig9ct9', 'Cole - Johnston', 'Inc', '2020-01-01T09:23:00.000');
INSERT INTO public.medical_devices (id, iot_device_id, device_type, name, serial_number, manufacturer, model, created_at) VALUES ('9fe9e4fc-6529-421e-b3eb-3b9222eef247', '53f77c89-06d5-4647-8c79-1a873f8b8d24', 'd1af20d7-88b7-438d-8487-efd660637014', 'benchmark', 'njsrzbprd8', 'Hagenes Inc', 'and Sons', '2020-01-01T09:24:00.000');
INSERT INTO public.medical_devices (id, iot_device_id, device_type, name, serial_number, manufacturer, model, created_at) VALUES ('f379e85a-05ac-4841-b1cd-4f13de3e6c17', '45d5a0b5-319b-49c0-8ced-790e6ddd1b41', 'd1af20d7-88b7-438d-8487-efd660637014', 'maximize', 'hbtjm1vwco', 'Emmerich, Casper and West', 'Group', '2020-01-01T09:25:00.000');
INSERT INTO public.medical_devices (id, iot_device_id, device_type, name, serial_number, manufacturer, model, created_at) VALUES ('c864988b-ef97-4318-8e87-17848e96aa59', 'b3eedbae-cba3-48fb-82cc-c3bbc0253fca', 'd1af20d7-88b7-438d-8487-efd660637014', 'generate', '0k8cill2gk', 'Kovacek - Schaefer', 'and Sons', '2020-01-01T09:26:00.000');
INSERT INTO public.medical_devices (id, iot_device_id, device_type, name, serial_number, manufacturer, model, created_at) VALUES ('2c0bf682-2451-4b82-980c-c62e58461030', 'baec38ae-d9af-4def-96ca-7a012bb54066', 'd1af20d7-88b7-438d-8487-efd660637014', 'maximize', '6g571jq0s5', 'Corwin - Schamberger', 'Group', '2020-01-01T09:27:00.000');
INSERT INTO public.medical_devices (id, iot_device_id, device_type, name, serial_number, manufacturer, model, created_at) VALUES ('e6095e13-31b7-4109-9511-14a4bd45788f', '2e90f31a-2054-46c0-a656-8eceac0c6d81', 'd1af20d7-88b7-438d-8487-efd660637014', 'brand', 'a07muf0rbi', 'Legros Inc', 'Inc', '2020-01-01T09:28:00.000');


INSERT INTO  public.iot_medical_devices(id, created_at, iot_id, medical_id) VALUES ('c4b6b4c0-a1cc-4387-af0e-e517fdd31c11', '2020-01-01T09:09:00.000', '33ad6399-264c-4ce1-ab81-1834f97183e5', '24be76ba-f160-44be-9018-67f2255e4e51');
INSERT INTO  public.iot_medical_devices(id, created_at, iot_id, medical_id) VALUES ('ea182761-2faa-46bc-bb1c-dccf06f12c8f', '2020-01-01T09:10:00.000', '1db72078-a3b0-4716-88e4-becd0a2de4c2', 'a054f7f7-6a69-4109-8840-1dee70c88a3b');
INSERT INTO  public.iot_medical_devices(id, created_at, iot_id, medical_id) VALUES ('f9028efb-928c-4d4b-a2e8-47ba24265965', '2020-01-01T09:11:00.000', 'a295ed63-9ee8-465d-9779-f7551ea1b5cc', '60e5f568-e98c-4ae1-9cc0-40460669db1f');
INSERT INTO  public.iot_medical_devices(id, created_at, iot_id, medical_id) VALUES ('39d4df30-befb-4f53-8a85-4b63c78fe885', '2020-01-01T09:12:00.000', 'dd757ff2-003e-406e-9446-ac46009aa0ec', 'be7833e0-0719-4ccf-b12c-919dd4a58b4d');
INSERT INTO  public.iot_medical_devices(id, created_at, iot_id, medical_id) VALUES ('77e25b77-a5ce-4efd-b326-331fc4ef343d', '2020-01-01T09:13:00.000', '363df946-497c-466c-af8a-9919d0edd98e', '1adc78c4-062a-4bc0-adf8-c8247b218083');
INSERT INTO  public.iot_medical_devices(id, created_at, iot_id, medical_id) VALUES ('8b4ecf69-4bdb-4e02-b14d-890af2812e38', '2020-01-01T09:14:00.000', '189924b4-3545-405d-8a57-10b814c6a48a', '94ea0e7d-1a6b-4f33-97ab-e7ab78a7105f');
INSERT INTO  public.iot_medical_devices(id, created_at, iot_id, medical_id) VALUES ('7f1a84da-2f20-447e-934a-8b8bc4e040b3', '2020-01-01T09:15:00.000', '04440862-e20e-4923-916e-2601326a5fd9', '2c8b4a35-e60c-4b88-8a4f-6249ef8a2ab6');
INSERT INTO  public.iot_medical_devices(id, created_at, iot_id, medical_id) VALUES ('2cf4d972-9de4-4c0c-9a35-239b7ee63210', '2020-01-01T09:16:00.000', '2323f80e-b025-4a83-a47e-95994f57c950', '8413f141-b6eb-481a-92e6-74cd595fb000');
INSERT INTO  public.iot_medical_devices(id, created_at, iot_id, medical_id) VALUES ('491565c3-a6ce-4965-9162-8d7d7c379774', '2020-01-01T09:17:00.000', 'fddd6093-1aa6-446b-9659-9ff93099cef0', '0ff1d21b-e744-481f-8dfd-13c9b71cb9fb');
INSERT INTO  public.iot_medical_devices(id, created_at, iot_id, medical_id) VALUES ('3d74aeac-3000-4b3f-8d14-ef1de484fa5d', '2020-01-01T09:18:00.000', '5e7be533-8e5b-48cc-a5eb-243ff7d7ff0e', 'ca345430-3da0-40e0-8233-f33738a4fcbe');
INSERT INTO  public.iot_medical_devices(id, created_at, iot_id, medical_id) VALUES ('48fe9b46-26e4-4e83-838f-6f0c7b488c44', '2020-01-01T09:19:00.000', '63e19deb-e861-45ce-99c8-b4dd5d17b0c3', '70cb0af7-c44d-4de1-9b21-7e6bb543f1f1');
INSERT INTO  public.iot_medical_devices(id, created_at, iot_id, medical_id) VALUES ('866b5c47-40a1-4f9b-b66e-664ad8fbc627', '2020-01-01T09:20:00.000', '21c1f59e-88b9-4dac-b98a-64449040c2ec', 'aa7465fe-ea9d-47ad-bcb0-5ef3c486c0b4');
INSERT INTO  public.iot_medical_devices(id, created_at, iot_id, medical_id) VALUES ('410e4d81-bcbe-4476-a739-d0b9a42d328d', '2020-01-01T09:21:00.000', 'a11a5612-5e17-417d-930a-280c788e439f', '45964595-9d73-4bf8-b8f6-0a6159040a48');
INSERT INTO  public.iot_medical_devices(id, created_at, iot_id, medical_id) VALUES ('abd04c7d-3429-49ec-a6ec-7d9ee3a1364c', '2020-01-01T09:22:00.000', '6f134ebb-6b13-47b8-b3e7-1d5397ad0e08', 'dfc28e30-921e-4af4-91a4-43e8e77fe083');
INSERT INTO  public.iot_medical_devices(id, created_at, iot_id, medical_id) VALUES ('3c7eacba-2903-4213-95dc-e61d51f83b75', '2020-01-01T09:23:00.000', 'd5c302e9-7782-4495-b4d9-3a5b7ddfce6a', '2a852d3d-81d3-42b2-881d-4f335286d916');
INSERT INTO  public.iot_medical_devices(id, created_at, iot_id, medical_id) VALUES ('03586f81-e932-4456-978e-824aa142ceac', '2020-01-01T09:24:00.000', '53f77c89-06d5-4647-8c79-1a873f8b8d24', '9fe9e4fc-6529-421e-b3eb-3b9222eef247');
INSERT INTO  public.iot_medical_devices(id, created_at, iot_id, medical_id) VALUES ('f91366c1-9595-4929-9c0d-d00068f559bc', '2020-01-01T09:25:00.000', '45d5a0b5-319b-49c0-8ced-790e6ddd1b41', 'f379e85a-05ac-4841-b1cd-4f13de3e6c17');
INSERT INTO  public.iot_medical_devices(id, created_at, iot_id, medical_id) VALUES ('cae69919-9ad5-486d-b9b3-6a139c57667c', '2020-01-01T09:26:00.000', 'b3eedbae-cba3-48fb-82cc-c3bbc0253fca', 'c864988b-ef97-4318-8e87-17848e96aa59');
INSERT INTO  public.iot_medical_devices(id, created_at, iot_id, medical_id) VALUES ('f5a3a2b0-7b39-49ef-b73d-a3ae00bf9d43', '2020-01-01T09:27:00.000', 'baec38ae-d9af-4def-96ca-7a012bb54066', '2c0bf682-2451-4b82-980c-c62e58461030');
INSERT INTO  public.iot_medical_devices(id, created_at, iot_id, medical_id) VALUES ('2e36a94a-fbc9-4e7f-9406-3f3dc5d3c500', '2020-01-01T09:28:00.000', '2e90f31a-2054-46c0-a656-8eceac0c6d81', 'e6095e13-31b7-4109-9511-14a4bd45788f');




INSERT INTO public.device_measurements (id, medical_device_id, device_user_id, measurement_type, measurement_value, unit, timestamp, created_at) VALUES ('8b3112dd-6d9f-4236-9446-fbf2c3542f7d', '24be76ba-f160-44be-9018-67f2255e4e51', '0d3bee1f-0bc0-4bc6-9672-b254571151ac', 'Glucosa', '95', 'mg/dL', '2020-01-01T09:09:00.000', '2020-01-01T09:09:00.000');
INSERT INTO public.device_measurements (id, medical_device_id, device_user_id, measurement_type, measurement_value, unit, timestamp, created_at) VALUES ('b38b3f47-8fb7-4c0f-be26-c9fc97a37928', 'a054f7f7-6a69-4109-8840-1dee70c88a3b', 'f3168397-c609-4882-8df7-9b8a3e9ae338', 'Glucosa', '102', 'mg/dL', '2020-01-01T09:10:00.000', '2020-01-01T09:10:00.000');
INSERT INTO public.device_measurements (id, medical_device_id, device_user_id, measurement_type, measurement_value, unit, timestamp, created_at) VALUES ('ee1d381b-10c4-4041-be0f-bca1df6a846b', '60e5f568-e98c-4ae1-9cc0-40460669db1f', '7820d2ff-766e-4ca2-ab01-c67a88bfab6f', 'Glucosa', '104', 'mg/dL', '2020-01-01T09:11:00.000', '2020-01-01T09:11:00.000');
INSERT INTO public.device_measurements (id, medical_device_id, device_user_id, measurement_type, measurement_value, unit, timestamp, created_at) VALUES ('703551d2-b44d-4bc6-98f8-23c1e91ff99c', 'be7833e0-0719-4ccf-b12c-919dd4a58b4d', 'd51f9e9f-1c2d-45d5-ba5d-e1a41a866872', 'Glucosa', '103', 'mg/dL', '2020-01-01T09:12:00.000', '2020-01-01T09:12:00.000');
INSERT INTO public.device_measurements (id, medical_device_id, device_user_id, measurement_type, measurement_value, unit, timestamp, created_at) VALUES ('491f8d2e-19df-473d-b608-ca631408aa24','1adc78c4-062a-4bc0-adf8-c8247b218083', 'a4c4987e-695a-40bf-8587-ada08b0564a8', 'Temperatura Corporal', '37', 'C', '2020-01-01T09:13:00.000', '2020-01-01T09:13:00.000');
INSERT INTO public.device_measurements (id, medical_device_id, device_user_id, measurement_type, measurement_value, unit, timestamp, created_at) VALUES ('ab9a85ad-1a9e-46c4-8742-e81a8af396e4','94ea0e7d-1a6b-4f33-97ab-e7ab78a7105f', 'f7925ed9-e7f5-4621-9e3c-0978df2be363', 'Glucosa', '95', 'mg/dL', '2020-01-01T09:14:00.000', '2020-01-01T09:14:00.000');
INSERT INTO public.device_measurements (id, medical_device_id, device_user_id, measurement_type, measurement_value, unit, timestamp, created_at) VALUES ('4593d3c0-0554-4ec9-ba9e-c626a473d626','2c8b4a35-e60c-4b88-8a4f-6249ef8a2ab6', '5fdbed7b-c306-423c-9253-f503ce633122', 'Glucosa', '92', 'mg/dL', '2020-01-01T09:15:00.000', '2020-01-01T09:15:00.000');
INSERT INTO public.device_measurements (id, medical_device_id, device_user_id, measurement_type, measurement_value, unit, timestamp, created_at) VALUES ('31656659-bdb1-4bfd-8a89-52c024752a12','8413f141-b6eb-481a-92e6-74cd595fb000', '7283a1c3-dce9-4581-9178-8144deaf4fd7', 'Frecuencia Cardiaca', '73', 'FC', '2020-01-01T09:16:00.000', '2020-01-01T09:16:00.000');
INSERT INTO public.device_measurements (id, medical_device_id, device_user_id, measurement_type, measurement_value, unit, timestamp, created_at) VALUES ('b22d8ccb-c31a-4bdf-af71-125847ff158c','0ff1d21b-e744-481f-8dfd-13c9b71cb9fb', '84104925-7927-4736-855f-64ff4e275ae9', 'Glucosa', '105', 'mg/dL', '2020-01-01T09:17:00.000', '2020-01-01T09:17:00.000');
INSERT INTO public.device_measurements (id, medical_device_id, device_user_id, measurement_type, measurement_value, unit, timestamp, created_at) VALUES ('7f8eb903-1dd0-4df2-bcb0-69d459333caa','ca345430-3da0-40e0-8233-f33738a4fcbe', 'd9c08ad4-6d86-46c2-ac64-e8cadaa97e24', 'Glucosa', '94', 'mg/dL', '2020-01-01T09:18:00.000', '2020-01-01T09:18:00.000');
INSERT INTO public.device_measurements (id, medical_device_id, device_user_id, measurement_type, measurement_value, unit, timestamp, created_at) VALUES ('d94e7660-72bf-4218-af7f-8a3d37458bfc','70cb0af7-c44d-4de1-9b21-7e6bb543f1f1', '3a719225-cca9-4865-a447-13cc45e10bd4', 'Temperatura Corporal', '37', 'C', '2020-01-01T09:19:00.000', '2020-01-01T09:19:00.000');
INSERT INTO public.device_measurements (id, medical_device_id, device_user_id, measurement_type, measurement_value, unit, timestamp, created_at) VALUES ('f56130ea-570f-473d-ab13-4074b0be8bec','aa7465fe-ea9d-47ad-bcb0-5ef3c486c0b4', '47ec69a5-0e5d-46a0-b31c-744af47a5fce', 'Frecuencia Cardiaca', '97', 'FC', '2020-01-01T09:20:00.000', '2020-01-01T09:20:00.000');
INSERT INTO public.device_measurements (id, medical_device_id, device_user_id, measurement_type, measurement_value, unit, timestamp, created_at) VALUES ('a0d06b30-75f6-4171-afb4-9c494372e205','45964595-9d73-4bf8-b8f6-0a6159040a48', '16f09f5b-a59e-4fd6-8831-4df42149f9bb', 'Glucosa', '99', 'mg/dL', '2020-01-01T09:21:00.000', '2020-01-01T09:21:00.000');
INSERT INTO public.device_measurements (id, medical_device_id, device_user_id, measurement_type, measurement_value, unit, timestamp, created_at) VALUES ('0c325de6-65f5-4d69-b651-fb460e859a5f','dfc28e30-921e-4af4-91a4-43e8e77fe083', '0c208dd8-70db-46d3-b156-38d54fac9589', 'Frecuencia Cardiaca', '80', 'FC', '2020-01-01T09:22:00.000', '2020-01-01T09:22:00.000');
INSERT INTO public.device_measurements (id, medical_device_id, device_user_id, measurement_type, measurement_value, unit, timestamp, created_at) VALUES ('101c1331-8761-425e-9403-243ed1a170a6','2a852d3d-81d3-42b2-881d-4f335286d916', '48614d2c-c58e-4dfb-8a0a-985b0a1162f5', 'Glucosa', '140', 'mg/dL', '2020-01-01T09:23:00.000', '2020-01-01T09:23:00.000');
INSERT INTO public.device_measurements (id, medical_device_id, device_user_id, measurement_type, measurement_value, unit, timestamp, created_at) VALUES ('cd71073f-692b-43ab-8a95-391a6d09e32b','9fe9e4fc-6529-421e-b3eb-3b9222eef247', 'fbd1b27e-0b05-440c-9041-275215883215', 'Glucosa', '93', 'mg/dL', '2020-01-01T09:24:00.000', '2020-01-01T09:24:00.000');
INSERT INTO public.device_measurements (id, medical_device_id, device_user_id, measurement_type, measurement_value, unit, timestamp, created_at) VALUES ('2575ad05-37a3-47c1-bb15-844cd29f405c','f379e85a-05ac-4841-b1cd-4f13de3e6c17', 'fbd1b27e-0b05-440c-9041-275215883215', 'Glucosa', '102', 'mg/dL', '2020-01-01T09:25:00.000', '2020-01-01T09:25:00.000');
INSERT INTO public.device_measurements (id, medical_device_id, device_user_id, measurement_type, measurement_value, unit, timestamp, created_at) VALUES ('f4c5e232-b209-4fd5-82da-018db03e533b','c864988b-ef97-4318-8e87-17848e96aa59', 'fbd1b27e-0b05-440c-9041-275215883215', 'Glucosa', '90', 'mg/dL', '2020-01-01T09:26:00.000', '2020-01-01T09:26:00.000');
INSERT INTO public.device_measurements (id, medical_device_id, device_user_id, measurement_type, measurement_value, unit, timestamp, created_at) VALUES ('9b72b0c2-4c96-4296-b0b4-4f8ddacb3638','2c0bf682-2451-4b82-980c-c62e58461030', '0c208dd8-70db-46d3-b156-38d54fac9589', 'Glucosa', '104', 'mg/dL', '2020-01-01T09:27:00.000', '2020-01-01T09:27:00.000');
INSERT INTO public.device_measurements (id, medical_device_id, device_user_id, measurement_type, measurement_value, unit, timestamp, created_at) VALUES ('e7cff04d-b032-4fc2-ae33-371ec222e762','e6095e13-31b7-4109-9511-14a4bd45788f', '0c208dd8-70db-46d3-b156-38d54fac9589', 'Temperatura Corporal', '37', 'C', '2020-01-01T09:28:00.000', '2020-01-01T09:28:00.000');

